geometry,projectnummer,netbeheerder,tekeningtype,toelichting
"POLYGON ((5.6096149 51.3158422, 5.6081943 51.3158449, 5.6081986 51.3167421, 5.6082095 51.3189892, 5.6082102 51.3191390, 5.6168032 51.3191223, 5.6170874 51.3191218, 5.6170866 51.3189720, 5.6170753 51.3167249, 5.6170708 51.3158277, 5.6167866 51.3158282, 5.6096149 51.3158422))",Enexis voorbeeld,Enexis,BESTAANDE SITUATIE,Toelichting
